{"is_source_file": false, "format": "", "description": "", "external_files": [], "external_methods": [], "published": [], "classes": [], "methods": [], "calls": [], "search-terms": [], "state": 2, "file_id": 3, "knowledge_revision": 17, "git_revision": "e853a294dcaee37030ee3b710bf6aef9d2d5d970", "hash": "d001d53c059625c4bcf75bf5a7f3fcf0", "format-version": 4, "code-base-name": "frontend_web_app", "filename": "frontend_web_app/package.json", "revision_history": [{"17": "e853a294dcaee37030ee3b710bf6aef9d2d5d970"}]}