{"is_source_file": true, "format": "JavaScript (React JSX)", "description": "React component for displaying a 'Not Found' page with a customized message and navigation link.", "external_files": ["react", "react-router-dom"], "external_methods": ["React", "Link"], "published": ["NotFoundPage"], "classes": [], "methods": [{"name": "NotFoundPage()", "description": "Functional React component serving as a 404 fallback page for unknown routes.", "scope": "", "scopeKind": ""}], "calls": ["React", "Link"], "search-terms": ["NotFoundPage", "404", "fallback", "react-router-dom", "React", "JSX"], "state": 2, "file_id": 29, "knowledge_revision": 64, "git_revision": "473b168ce2572dddb62d03137765c4c3ce245b68", "ctags": [{"_type": "tag", "name": "NotFoundPage", "path": "/home/kavia/workspace/code-generation/accessory-delivery-platform-209640-209651/frontend_web_app/src/pages/NotFoundPage.js", "pattern": "/^export function NotFoundPage() {$/", "language": "JavaScript", "kind": "function", "signature": "()"}], "hash": "fa65c24fa38c98a3ae6fae9dc1ddcc0c", "format-version": 4, "code-base-name": "frontend_web_app", "filename": "frontend_web_app/src/pages/NotFoundPage.js", "revision_history": [{"64": "473b168ce2572dddb62d03137765c4c3ce245b68"}]}