{"is_source_file": true, "format": "JavaScript (React JSX)", "description": "This source file implements a React component called CatalogPage that displays a catalog of accessories, enabling users to browse, search, view details, and add items to a cart. It fetches data from an API, manages loading and error states, and provides user interaction features.", "external_files": ["../api/endpoints", "../components/ErrorBanner", "../components/Loading", "../state/CartContext", "../utils/format"], "external_methods": ["listAccessories", "formatMoney"], "published": ["CatalogPage"], "classes": [], "methods": [{"name": "CatalogPage()", "description": "React functional component that renders the catalog page with search and add-to-cart functionality.", "scope": "", "scopeKind": ""}], "calls": ["listAccessories", "setItems", "setError", "setLoading", "addItem", "formatMoney"], "search-terms": ["CatalogPage", "accessories", "React", "useEffect", "useState", "API", "search", "cart", "category", "rating", "product"], "state": 2, "file_id": 22, "knowledge_revision": 57, "git_revision": "473b168ce2572dddb62d03137765c4c3ce245b68", "ctags": [{"_type": "tag", "name": "CatalogPage", "path": "/home/kavia/workspace/code-generation/accessory-delivery-platform-209640-209651/frontend_web_app/src/pages/CatalogPage.js", "pattern": "/^export function CatalogPage() {$/", "language": "JavaScript", "kind": "function", "signature": "()"}, {"_type": "tag", "name": "q", "path": "/home/kavia/workspace/code-generation/accessory-delivery-platform-209640-209651/frontend_web_app/src/pages/CatalogPage.js", "pattern": "/^            value={q}$/", "language": "JavaScript", "kind": "field", "scope": "CatalogPage.value", "scopeKind": "class"}], "hash": "9aa44b76112eacfd2e06658a7ecda642", "format-version": 4, "code-base-name": "frontend_web_app", "filename": "frontend_web_app/src/pages/CatalogPage.js", "fields": [{"name": "value={q}", "scope": "CatalogPage.value", "scopeKind": "class", "description": "unavailable"}], "revision_history": [{"57": "473b168ce2572dddb62d03137765c4c3ce245b68"}]}