{"is_source_file": true, "format": "JavaScript (React component)", "description": "This file defines a React functional component named ErrorBanner that displays an error message with optional dismiss functionality.", "external_files": ["react"], "external_methods": ["React"], "published": ["ErrorBanner"], "classes": [], "methods": [{"name": "ErrorBanner({ message, onDismiss })", "description": "A React functional component that renders an error alert with a message and optional dismiss button.", "scope": "", "scopeKind": ""}], "calls": ["React"], "search-terms": ["ErrorBanner", "React component", "error message", "dismiss button", "alert"], "state": 2, "file_id": 19, "knowledge_revision": 54, "git_revision": "473b168ce2572dddb62d03137765c4c3ce245b68", "ctags": [{"_type": "tag", "name": "ErrorBanner", "path": "/home/kavia/workspace/code-generation/accessory-delivery-platform-209640-209651/frontend_web_app/src/components/ErrorBanner.js", "pattern": "/^export function ErrorBanner({ message, onDismiss }) {$/", "language": "JavaScript", "kind": "function", "signature": "({ message, onDismiss })"}], "hash": "50f4187f6668ee7a5273fb9a9e7195cf", "format-version": 4, "code-base-name": "frontend_web_app", "filename": "frontend_web_app/src/components/ErrorBanner.js", "revision_history": [{"54": "473b168ce2572dddb62d03137765c4c3ce245b68"}]}