{"is_source_file": true, "format": "JavaScript", "description": "This file defines frontend API functions for interacting with backend endpoints and demo data. It includes functions for health checks, fetching and manipulating accessories, user registration and login, profile management, order placement and listing, and administrative inventory and order management.", "external_files": ["./client"], "external_methods": ["apiRequest"], "published": ["healthCheck", "listAccessories", "getAccessoryById", "registerUser", "loginUser", "getMyProfile", "updateMyProfile", "placeOrder", "listMyOrders", "adminListInventory", "adminUpdateInventory", "adminListOrders", "adminUpdateOrderStatus"], "classes": [], "methods": [{"name": "healthCheck()", "description": "Call backend health check endpoint.", "scope": "", "scopeKind": ""}, {"name": "listAccessories({ q } = {})", "description": "List accessories; filters demo data based on query.", "scope": "", "scopeKind": ""}, {"name": "getAccessoryById(id)", "description": "Fetch a specific accessory by ID from demo data.", "scope": "", "scopeKind": ""}, {"name": "registerUser({ email, password })", "description": "Simulate user registration, returning a demo token and user info.", "scope": "", "scopeKind": ""}, {"name": "loginUser({ email, password })", "description": "Simulate user login, returning a demo token and user info.", "scope": "", "scopeKind": ""}, {"name": "getMyProfile({ token })", "description": "Retrieve a demo user profile.", "scope": "", "scopeKind": ""}, {"name": "updateMyProfile({ token, profile })", "description": "Update and return demo user profile.", "scope": "", "scopeKind": ""}, {"name": "placeOrder({ token, order })", "description": "Simulate placing an order, returning a demo order object.", "scope": "", "scopeKind": ""}, {"name": "listMyOrders({ token })", "description": "Return a list of demo orders.", "scope": "", "scopeKind": ""}, {"name": "adminListInventory({ token })", "description": "Simulate fetching inventory list for admin.", "scope": "", "scopeKind": ""}, {"name": "adminUpdateInventory({ token, id, patch })", "description": "Simulate updating inventory for an item.", "scope": "", "scopeKind": ""}, {"name": "adminListOrders({ token })", "description": "Simulate fetching list of all orders for admin.", "scope": "", "scopeKind": ""}, {"name": "adminUpdateOrderStatus({ token, id, status })", "description": "Simulate updating order status for an order.", "scope": "", "scopeKind": ""}, {"name": "demoAccessories()", "scope": "", "scopeKind": "", "description": "unavailable"}, {"name": "sleep(ms)", "scope": "", "scopeKind": "", "description": "unavailable"}], "calls": ["apiRequest", "sleep", "demoAccessories"], "search-terms": ["endpoints", "demo data", "accessories API", "user auth placeholders", "admin inventory"], "state": 2, "file_id": 14, "knowledge_revision": 46, "git_revision": "473b168ce2572dddb62d03137765c4c3ce245b68", "ctags": [{"_type": "tag", "name": "adminListInventory", "path": "/home/kavia/workspace/code-generation/accessory-delivery-platform-209640-209651/frontend_web_app/src/api/endpoints.js", "pattern": "/^export async function adminListInventory({ token }) {$/", "language": "JavaScript", "kind": "function", "signature": "({ token })"}, {"_type": "tag", "name": "adminListOrders", "path": "/home/kavia/workspace/code-generation/accessory-delivery-platform-209640-209651/frontend_web_app/src/api/endpoints.js", "pattern": "/^export async function adminListOrders({ token }) {$/", "language": "JavaScript", "kind": "function", "signature": "({ token })"}, {"_type": "tag", "name": "adminUpdateInventory", "path": "/home/kavia/workspace/code-generation/accessory-delivery-platform-209640-209651/frontend_web_app/src/api/endpoints.js", "pattern": "/^export async function adminUpdateInventory({ token, id, patch }) {$/", "language": "JavaScript", "kind": "function", "signature": "({ token, id, patch })"}, {"_type": "tag", "name": "adminUpdateOrderStatus", "path": "/home/kavia/workspace/code-generation/accessory-delivery-platform-209640-209651/frontend_web_app/src/api/endpoints.js", "pattern": "/^export async function adminUpdateOrderStatus({ token, id, status }) {$/", "language": "JavaScript", "kind": "function", "signature": "({ token, id, status })"}, {"_type": "tag", "name": "demoAccessories", "path": "/home/kavia/workspace/code-generation/accessory-delivery-platform-209640-209651/frontend_web_app/src/api/endpoints.js", "pattern": "/^function demoAccessories() {$/", "language": "JavaScript", "kind": "function", "signature": "()"}, {"_type": "tag", "name": "getAccessoryById", "path": "/home/kavia/workspace/code-generation/accessory-delivery-platform-209640-209651/frontend_web_app/src/api/endpoints.js", "pattern": "/^export async function getAccessoryById(id) {$/", "language": "JavaScript", "kind": "function", "signature": "(id)"}, {"_type": "tag", "name": "getMyProfile", "path": "/home/kavia/workspace/code-generation/accessory-delivery-platform-209640-209651/frontend_web_app/src/api/endpoints.js", "pattern": "/^export async function getMyProfile({ token }) {$/", "language": "JavaScript", "kind": "function", "signature": "({ token })"}, {"_type": "tag", "name": "healthCheck", "path": "/home/kavia/workspace/code-generation/accessory-delivery-platform-209640-209651/frontend_web_app/src/api/endpoints.js", "pattern": "/^export async function healthCheck() {$/", "language": "JavaScript", "kind": "function", "signature": "()"}, {"_type": "tag", "name": "listAccessories", "path": "/home/kavia/workspace/code-generation/accessory-delivery-platform-209640-209651/frontend_web_app/src/api/endpoints.js", "pattern": "/^export async function listAccessories({ q } = {}) {$/", "language": "JavaScript", "kind": "function", "signature": "({ q } = {})"}, {"_type": "tag", "name": "listMyOrders", "path": "/home/kavia/workspace/code-generation/accessory-delivery-platform-209640-209651/frontend_web_app/src/api/endpoints.js", "pattern": "/^export async function listMyOrders({ token }) {$/", "language": "JavaScript", "kind": "function", "signature": "({ token })"}, {"_type": "tag", "name": "loginUser", "path": "/home/kavia/workspace/code-generation/accessory-delivery-platform-209640-209651/frontend_web_app/src/api/endpoints.js", "pattern": "/^export async function loginUser({ email, password }) {$/", "language": "JavaScript", "kind": "function", "signature": "({ email, password })"}, {"_type": "tag", "name": "placeOrder", "path": "/home/kavia/workspace/code-generation/accessory-delivery-platform-209640-209651/frontend_web_app/src/api/endpoints.js", "pattern": "/^export async function placeOrder({ token, order }) {$/", "language": "JavaScript", "kind": "function", "signature": "({ token, order })"}, {"_type": "tag", "name": "registerUser", "path": "/home/kavia/workspace/code-generation/accessory-delivery-platform-209640-209651/frontend_web_app/src/api/endpoints.js", "pattern": "/^export async function registerUser({ email, password }) {$/", "language": "JavaScript", "kind": "function", "signature": "({ email, password })"}, {"_type": "tag", "name": "sleep", "path": "/home/kavia/workspace/code-generation/accessory-delivery-platform-209640-209651/frontend_web_app/src/api/endpoints.js", "pattern": "/^function sleep(ms) {$/", "language": "JavaScript", "kind": "function", "signature": "(ms)"}, {"_type": "tag", "name": "updateMyProfile", "path": "/home/kavia/workspace/code-generation/accessory-delivery-platform-209640-209651/frontend_web_app/src/api/endpoints.js", "pattern": "/^export async function updateMyProfile({ token, profile }) {$/", "language": "JavaScript", "kind": "function", "signature": "({ token, profile })"}], "hash": "1000187013664562c49e394296dc2ddf", "format-version": 4, "code-base-name": "frontend_web_app", "filename": "frontend_web_app/src/api/endpoints.js", "revision_history": [{"46": "473b168ce2572dddb62d03137765c4c3ce245b68"}]}