{"is_source_file": true, "format": "JavaScript (React JSX)", "description": "This file defines the AuthPage React component, which provides a user interface for login and registration. It manages user authentication state, handles form submission, and redirects authenticated users to their profile.", "external_files": ["../components/ErrorBanner", "../state/AuthContext", "react", "react-router-dom"], "external_methods": ["useAuth", "useNavigate", "ErrorBanner"], "published": ["AuthPage"], "classes": [], "methods": [{"name": "AuthPage()", "description": "React functional component to render login/register page, handle user input, and navigate upon authentication.", "scope": "", "scopeKind": ""}], "calls": ["useAuth", "useNavigate", "setTimeout", "navigate", "login", "register"], "search-terms": ["AuthPage", "login register React", "AuthContext", "useAuth", "react-router-dom navigate", "ErrorBanner", "useState hook", "auth form"], "state": 2, "file_id": 21, "knowledge_revision": 56, "git_revision": "473b168ce2572dddb62d03137765c4c3ce245b68", "ctags": [{"_type": "tag", "name": "AuthPage", "path": "/home/kavia/workspace/code-generation/accessory-delivery-platform-209640-209651/frontend_web_app/src/pages/AuthPage.js", "pattern": "/^export function AuthPage() {$/", "language": "JavaScript", "kind": "function", "signature": "()"}, {"_type": "tag", "name": "email", "path": "/home/kavia/workspace/code-generation/accessory-delivery-platform-209640-209651/frontend_web_app/src/pages/AuthPage.js", "pattern": "/^                  value={email}$/", "language": "JavaScript", "kind": "field", "scope": "AuthPage.value", "scopeKind": "class"}, {"_type": "tag", "name": "loading", "path": "/home/kavia/workspace/code-generation/accessory-delivery-platform-209640-209651/frontend_web_app/src/pages/AuthPage.js", "pattern": "/^                  disabled={loading}$/", "language": "JavaScript", "kind": "field", "scope": "AuthPage.disabled", "scopeKind": "class"}, {"_type": "tag", "name": "password", "path": "/home/kavia/workspace/code-generation/accessory-delivery-platform-209640-209651/frontend_web_app/src/pages/AuthPage.js", "pattern": "/^                  value={password}$/", "language": "JavaScript", "kind": "field", "scope": "AuthPage.value", "scopeKind": "class"}], "hash": "353da666434f3baf7b0c6851ceb3ba93", "format-version": 4, "code-base-name": "frontend_web_app", "filename": "frontend_web_app/src/pages/AuthPage.js", "fields": [{"name": "value={email}", "scope": "AuthPage.value", "scopeKind": "class", "description": "unavailable"}, {"name": "disabled={loading}", "scope": "AuthPage.disabled", "scopeKind": "class", "description": "unavailable"}, {"name": "value={password}", "scope": "AuthPage.value", "scopeKind": "class", "description": "unavailable"}], "revision_history": [{"56": "473b168ce2572dddb62d03137765c4c3ce245b68"}]}