{"is_source_file": true, "format": "JavaScript Module (.mjs)", "description": "ESLint configuration file defining linting rules and plugin configurations for JavaScript and React projects.", "external_files": ["@eslint/js", "eslint-plugin-react"], "external_methods": ["pluginJs", "pluginReact", "pluginJs.configs.recommended"], "published": [], "classes": [], "methods": [{"name": "default", "description": "Exports an array of ESLint configuration objects including file match patterns, language options, and plugin rules."}], "calls": ["pluginJs", "pluginReact", "pluginJs.configs.recommended"], "search-terms": ["eslint", "eslint.config.mjs", "jsx", "react", "linting rules", "plugins", "configuration"], "state": 2, "file_id": 11, "knowledge_revision": 21, "git_revision": "e853a294dcaee37030ee3b710bf6aef9d2d5d970", "hash": "be6538e7523bc2e9da0743133d784136", "format-version": 4, "code-base-name": "frontend_web_app", "filename": "frontend_web_app/eslint.config.mjs", "revision_history": [{"21": "e853a294dcaee37030ee3b710bf6aef9d2d5d970"}]}