{"is_source_file": true, "format": "JavaScript", "description": "This file defines an authentication context for a React frontend application, including the AuthProvider component managing authentication state, and a custom hook useAuth. It handles user login, registration, session persistence with localStorage, and user role checks.", "external_files": ["../api/endpoints"], "external_methods": ["loginUser", "registerUser"], "published": ["AuthProvider", "useAuth"], "classes": [], "methods": [{"name": "AuthProvider({ children })", "description": "React component providing authentication context to children, managing user state, token, and session persistence.", "scope": "", "scopeKind": ""}, {"name": "useAuth()", "description": "Hook for consuming the authentication context.", "scope": "", "scopeKind": ""}], "calls": ["React.createContext", "React.useContext", "React.useEffect", "React.useMemo", "React.useState", "localStorage.getItem", "JSON.parse", "localStorage.setItem", "localStorage.removeItem", "loginUser", "registerUser"], "search-terms": ["AuthContext", "localStorage session", "React context auth", "AuthProvider React", "useAuth hook"], "state": 2, "file_id": 15, "knowledge_revision": 49, "git_revision": "473b168ce2572dddb62d03137765c4c3ce245b68", "ctags": [{"_type": "tag", "name": "AuthContext", "path": "/home/kavia/workspace/code-generation/accessory-delivery-platform-209640-209651/frontend_web_app/src/state/AuthContext.js", "pattern": "/^const AuthContext = createContext(null);$/", "language": "JavaScript", "kind": "constant"}, {"_type": "tag", "name": "AuthProvider", "path": "/home/kavia/workspace/code-generation/accessory-delivery-platform-209640-209651/frontend_web_app/src/state/AuthContext.js", "pattern": "/^export function AuthProvider({ children }) {$/", "language": "JavaScript", "kind": "function", "signature": "({ children })"}, {"_type": "tag", "name": "LS_KEY", "path": "/home/kavia/workspace/code-generation/accessory-delivery-platform-209640-209651/frontend_web_app/src/state/AuthContext.js", "pattern": "/^const LS_KEY = \"retro_accessory_auth_v1\";$/", "language": "JavaScript", "kind": "constant"}, {"_type": "tag", "name": "useAuth", "path": "/home/kavia/workspace/code-generation/accessory-delivery-platform-209640-209651/frontend_web_app/src/state/AuthContext.js", "pattern": "/^export function useAuth() {$/", "language": "JavaScript", "kind": "function", "signature": "()"}, {"_type": "tag", "name": "value", "path": "/home/kavia/workspace/code-generation/accessory-delivery-platform-209640-209651/frontend_web_app/src/state/AuthContext.js", "pattern": "/^  return <AuthContext.Provider value={value}>{children}<\\/AuthContext.Provider>;$/", "language": "JavaScript", "kind": "field", "scope": "Provider", "scopeKind": "class"}], "hash": "96fb3af3c8ae1b3bd616917321dd6172", "format-version": 4, "code-base-name": "frontend_web_app", "filename": "frontend_web_app/src/state/AuthContext.js", "fields": [{"name": "return <AuthContext.Provider value={value}>{children}<\\/AuthContext.Provider>;", "scope": "Provider", "scopeKind": "class", "description": "unavailable"}], "revision_history": [{"49": "473b168ce2572dddb62d03137765c4c3ce245b68"}]}