{"is_source_file": false, "format": "", "description": "", "external_files": [], "external_methods": [], "published": [], "classes": [], "methods": [], "calls": [], "search-terms": [], "state": 2, "file_id": 5, "knowledge_revision": 20, "git_revision": "e853a294dcaee37030ee3b710bf6aef9d2d5d970", "ctags": [], "hash": "1a77571e1a8cf36018a41bcedf60db75", "format-version": 4, "code-base-name": "frontend_web_app", "filename": "frontend_web_app/src/setupTests.js", "revision_history": [{"20": "e853a294dcaee37030ee3b710bf6aef9d2d5d970"}]}