{"is_source_file": false, "format": "", "description": "", "external_files": [], "external_methods": [], "published": [], "classes": [], "methods": [], "calls": [], "search-terms": [], "state": 2, "file_id": 1, "knowledge_revision": 14, "git_revision": "e853a294dcaee37030ee3b710bf6aef9d2d5d970", "hash": "d9d975cebe2ec20b6c652e1e4c12ccf0", "format-version": 4, "code-base-name": "frontend_web_app", "filename": "frontend_web_app/public/manifest.json", "revision_history": [{"14": "e853a294dcaee37030ee3b710bf6aef9d2d5d970"}]}