{"is_source_file": true, "format": "JavaScript", "description": "This file defines a utility function 'formatMoney' for formatting numeric values as USD currency strings.", "external_files": [], "external_methods": [], "published": ["formatMoney"], "classes": [], "methods": [{"name": "formatMoney(value)", "description": "Formats a numeric value as a USD currency string.", "scope": "", "scopeKind": ""}], "calls": ["Number", "Number.prototype.toLocaleString"], "search-terms": ["formatMoney", "USD", "currency formatting", "utils"], "state": 2, "file_id": 17, "knowledge_revision": 52, "git_revision": "473b168ce2572dddb62d03137765c4c3ce245b68", "ctags": [{"_type": "tag", "name": "formatMoney", "path": "/home/kavia/workspace/code-generation/accessory-delivery-platform-209640-209651/frontend_web_app/src/utils/format.js", "pattern": "/^export function formatMoney(value) {$/", "language": "JavaScript", "kind": "function", "signature": "(value)"}], "hash": "275863552b31e5f80f4fef67d2858dc4", "format-version": 4, "code-base-name": "frontend_web_app", "filename": "frontend_web_app/src/utils/format.js", "revision_history": [{"52": "473b168ce2572dddb62d03137765c4c3ce245b68"}]}