{"is_source_file": false, "format": "", "description": "", "external_files": [], "external_methods": [], "published": [], "classes": [], "methods": [], "calls": [], "search-terms": [], "state": 2, "file_id": 2, "knowledge_revision": 15, "git_revision": "e853a294dcaee37030ee3b710bf6aef9d2d5d970", "hash": "d2b40d02d5f7873d8a6713bad837edd4", "format-version": 4, "code-base-name": "frontend_web_app", "filename": "frontend_web_app/public/index.html", "revision_history": [{"15": "e853a294dcaee37030ee3b710bf6aef9d2d5d970"}]}