{"is_source_file": true, "format": "JavaScript (React JSX)", "description": "This file is the main application component for a React app, setting up routing, global context providers, and basic layout structure, including header, main content, and footer.", "external_files": ["./components/Header", "./state/AuthContext", "./state/CartContext", "./pages/CatalogPage", "./pages/ProductDetailPage", "./pages/CartPage", "./pages/CheckoutPage", "./pages/OrdersPage", "./pages/ProfilePage", "./pages/AdminPage", "./pages/AuthPage", "./pages/NotFoundPage", "./App.css"], "external_methods": ["React", "BrowserRouter", "Route", "Routes"], "published": ["App"], "classes": [], "methods": [{"name": "App()", "description": "Main application component that provides global state, routing, and layout for the web app.", "scope": "", "scopeKind": ""}], "calls": ["React", "BrowserRouter", "Route", "Routes", "Header", "AuthProvider", "CartProvider", "CatalogPage", "ProductDetailPage", "CartPage", "CheckoutPage", "OrdersPage", "ProfilePage", "AdminPage", "AuthPage", "NotFoundPage"], "search-terms": ["React routing", "main App component", "context providers", "page components", "layout structure"], "state": 2, "file_id": 8, "knowledge_revision": 47, "git_revision": "473b168ce2572dddb62d03137765c4c3ce245b68", "revision_history": [{"23": "e853a294dcaee37030ee3b710bf6aef9d2d5d970"}, {"47": "473b168ce2572dddb62d03137765c4c3ce245b68"}], "ctags": [{"_type": "tag", "name": "App", "path": "/home/kavia/workspace/code-generation/accessory-delivery-platform-209640-209651/frontend_web_app/src/App.js", "pattern": "/^function App() {$/", "language": "JavaScript", "kind": "function", "signature": "()"}], "hash": "688d09454e41bcb47c348aae4bd996b2", "format-version": 4, "code-base-name": "frontend_web_app", "filename": "frontend_web_app/src/App.js"}