{"is_source_file": true, "format": "JavaScript (React JSX)", "description": "This file defines the CartPage component for a React web application, managing the display and interaction with shopping cart items, including viewing, updating quantities, removing items, and proceeding to checkout.", "external_files": ["../state/CartContext", "../utils/format", "react", "react-router-dom"], "external_methods": ["useCart", "useNavigate", "formatMoney", "Link", "useNavigate"], "published": ["CartPage"], "classes": [], "methods": [{"name": "CartPage()", "description": "Main React functional component for the shopping cart page, rendering cart items, totals, and action buttons.", "scope": "", "scopeKind": ""}], "calls": ["useCart()", "useNavigate()", "formatMoney()", "React.createElement()", "Link()", "clear()", "updateQty()", "removeItem()", "navigate()"], "search-terms": ["React CartPage component", "useCart hook", "formatMoney utility", "React Router navigation", "shopping cart UI"], "state": 2, "file_id": 24, "knowledge_revision": 59, "git_revision": "473b168ce2572dddb62d03137765c4c3ce245b68", "ctags": [{"_type": "tag", "name": "CartPage", "path": "/home/kavia/workspace/code-generation/accessory-delivery-platform-209640-209651/frontend_web_app/src/pages/CartPage.js", "pattern": "/^export function CartPage() {$/", "language": "JavaScript", "kind": "function", "signature": "()"}, {"_type": "tag", "name": "items", "path": "/home/kavia/workspace/code-generation/accessory-delivery-platform-209640-209651/frontend_web_app/src/pages/CartPage.js", "pattern": "/^                disabled={items.length === 0}$/", "language": "JavaScript", "kind": "field", "scope": "CartPage.disabled", "scopeKind": "class"}], "hash": "85d3fe7afba79ab706b5285e1f72fbe2", "format-version": 4, "code-base-name": "frontend_web_app", "filename": "frontend_web_app/src/pages/CartPage.js", "fields": [{"name": "disabled={items.length === 0}", "scope": "CartPage.disabled", "scopeKind": "class", "description": "unavailable"}], "revision_history": [{"59": "473b168ce2572dddb62d03137765c4c3ce245b68"}]}