{"is_source_file": false, "format": "", "description": "", "external_files": [], "external_methods": [], "published": [], "classes": [], "methods": [], "calls": [], "search-terms": [], "state": 2, "file_id": 30, "knowledge_revision": 66, "git_revision": "473b168ce2572dddb62d03137765c4c3ce245b68", "hash": "61ef14a9780590487a39b4e28c74e95a", "format-version": 4, "code-base-name": "frontend_web_app", "filename": "frontend_web_app/backend_openapi.json", "revision_history": [{"66": "473b168ce2572dddb62d03137765c4c3ce245b68"}]}