{"is_source_file": false, "format": "", "description": "", "external_files": [], "external_methods": [], "published": [], "classes": [], "methods": [], "calls": [], "search-terms": ["CSS", "App.css", "Retro UI theme", "--primary", "--teal", "topbar", "appShell", "button", "input", "table", "card", "layout"], "state": 2, "file_id": 9, "knowledge_revision": 26, "git_revision": "e853a294dcaee37030ee3b710bf6aef9d2d5d970", "hash": "caba981b54e0e99d64351e76e4164885", "format-version": 4, "code-base-name": "frontend_web_app", "filename": "frontend_web_app/src/App.css", "revision_history": [{"26": "e853a294dcaee37030ee3b710bf6aef9d2d5d970"}]}