{"is_source_file": true, "format": "JavaScript", "description": "This file defines a React context provider and hook for managing a shopping cart's state, including functions to add, remove, update items, and persist state in local storage.", "external_files": ["react"], "external_methods": ["React.createContext", "React.useContext", "React.useEffect", "React.useMemo", "React.useState"], "published": ["CartProvider", "useCart"], "classes": [], "methods": [{"name": "CartProvider({ children })", "description": "A React component providing cart state and actions to its children via context.", "scope": "", "scopeKind": ""}, {"name": "useCart()", "description": "A custom React hook to access the cart context.", "scope": "", "scopeKind": ""}], "calls": ["React.createContext", "React.useState", "React.useEffect", "localStorage.getItem", "localStorage.setItem", "JSON.parse", "JSON.stringify", "Array.prototype.find", "Array.prototype.map", "Array.prototype.filter", "Array.prototype.reduce", "React.useMemo"], "search-terms": ["CartContext", "CartProvider", "useCart", "localStorage", "ReactContext", "shopping cart", "cart state", "local storage persistence"], "state": 2, "file_id": 16, "knowledge_revision": 51, "git_revision": "473b168ce2572dddb62d03137765c4c3ce245b68", "ctags": [{"_type": "tag", "name": "CartContext", "path": "/home/kavia/workspace/code-generation/accessory-delivery-platform-209640-209651/frontend_web_app/src/state/CartContext.js", "pattern": "/^const CartContext = createContext(null);$/", "language": "JavaScript", "kind": "constant"}, {"_type": "tag", "name": "CartProvider", "path": "/home/kavia/workspace/code-generation/accessory-delivery-platform-209640-209651/frontend_web_app/src/state/CartContext.js", "pattern": "/^export function CartProvider({ children }) {$/", "language": "JavaScript", "kind": "function", "signature": "({ children })"}, {"_type": "tag", "name": "LS_KEY", "path": "/home/kavia/workspace/code-generation/accessory-delivery-platform-209640-209651/frontend_web_app/src/state/CartContext.js", "pattern": "/^const LS_KEY = \"retro_accessory_cart_v1\";$/", "language": "JavaScript", "kind": "constant"}, {"_type": "tag", "name": "useCart", "path": "/home/kavia/workspace/code-generation/accessory-delivery-platform-209640-209651/frontend_web_app/src/state/CartContext.js", "pattern": "/^export function useCart() {$/", "language": "JavaScript", "kind": "function", "signature": "()"}, {"_type": "tag", "name": "value", "path": "/home/kavia/workspace/code-generation/accessory-delivery-platform-209640-209651/frontend_web_app/src/state/CartContext.js", "pattern": "/^  return <CartContext.Provider value={value}>{children}<\\/CartContext.Provider>;$/", "language": "JavaScript", "kind": "field", "scope": "Provider", "scopeKind": "class"}], "hash": "f699260ed33fd1c9ef0c8a6d13a1ec70", "format-version": 4, "code-base-name": "frontend_web_app", "filename": "frontend_web_app/src/state/CartContext.js", "fields": [{"name": "return <CartContext.Provider value={value}>{children}<\\/CartContext.Provider>;", "scope": "Provider", "scopeKind": "class", "description": "unavailable"}], "revision_history": [{"51": "473b168ce2572dddb62d03137765c4c3ce245b68"}]}