{"is_source_file": false, "format": "", "description": "", "external_files": [], "external_methods": [], "published": [], "classes": [], "methods": [], "calls": [], "search-terms": [], "state": 2, "file_id": 10, "knowledge_revision": 19, "git_revision": "e853a294dcaee37030ee3b710bf6aef9d2d5d970", "hash": "ebece526bc2eadd78ddd787a76c56607", "format-version": 4, "code-base-name": "frontend_web_app", "filename": "frontend_web_app/README.md", "revision_history": [{"19": "e853a294dcaee37030ee3b710bf6aef9d2d5d970"}]}