{"is_source_file": true, "format": "JavaScript", "description": "This file is the entry point for a React web application, responsible for rendering the main App component into the DOM element with id 'root'. It imports React libraries, styles, and the main App component, then initializes and renders the application.", "external_files": ["./App", "./index.css"], "external_methods": ["ReactDOM.createRoot", "root.render"], "published": [], "classes": [], "methods": [{"name": "ReactDOM.createRoot", "description": "Creates a root React node for rendering the React component tree."}, {"name": "root.render", "description": "Renders the React component tree into the DOM."}], "calls": ["ReactDOM.createRoot", "root.render", "React.StrictMode", "App"], "search-terms": ["index.js", "ReactDOM", "React.StrictMode", "App component", "React entry point", "frontend web app"], "state": 2, "file_id": 4, "knowledge_revision": 22, "git_revision": "e853a294dcaee37030ee3b710bf6aef9d2d5d970", "ctags": [{"_type": "tag", "name": "root", "path": "/home/kavia/workspace/code-generation/accessory-delivery-platform-209640-209651/frontend_web_app/src/index.js", "pattern": "/^const root = ReactDOM.createRoot(document.getElementById('root'));$/", "language": "JavaScript", "kind": "constant"}], "hash": "9fc5841375336fc175b49f8767a11383", "format-version": 4, "code-base-name": "frontend_web_app", "filename": "frontend_web_app/src/index.js", "revision_history": [{"22": "e853a294dcaee37030ee3b710bf6aef9d2d5d970"}]}