{"is_source_file": true, "format": "JavaScript (React JSX)", "description": "React component for the AdminPage, providing UI for inventory and order management with API integrations and user authentication.", "external_files": ["../api/endpoints", "../components/ErrorBanner", "../components/Loading", "../state/AuthContext", "../utils/format"], "external_methods": ["adminListInventory", "adminListOrders", "adminUpdateInventory", "adminUpdateOrderStatus", "useAuth", "formatMoney"], "published": ["AdminPage"], "classes": [], "methods": [{"name": "AdminPage()", "description": "Main React functional component rendering admin interface for inventory and orders.", "scope": "", "scopeKind": ""}], "calls": ["React", "useEffect", "useMemo", "useState", "adminListInventory", "adminListOrders", "adminUpdateInventory", "adminUpdateOrderStatus", "useAuth", "formatMoney"], "search-terms": ["AdminPage", "inventory", "orders", "useAuth", "adminListInventory", "adminListOrders", "adminUpdateInventory", "adminUpdateOrderStatus", "React", "jsx"], "state": 2, "file_id": 28, "knowledge_revision": 63, "git_revision": "473b168ce2572dddb62d03137765c4c3ce245b68", "ctags": [{"_type": "tag", "name": "AdminPage", "path": "/home/kavia/workspace/code-generation/accessory-delivery-platform-209640-209651/frontend_web_app/src/pages/AdminPage.js", "pattern": "/^export function AdminPage() {$/", "language": "JavaScript", "kind": "function", "signature": "()"}, {"_type": "tag", "name": "btn btnSmall ${tab === \"inventory\" ? \"btnPrimary\" : \"\"}", "path": "/home/kavia/workspace/code-generation/accessory-delivery-platform-209640-209651/frontend_web_app/src/pages/AdminPage.js", "pattern": "/^              className={`btn btnSmall ${tab === \"inventory\" ? \"btnPrimary\" : \"\"}`}$/", "language": "JavaScript", "kind": "field", "scope": "AdminPage.className", "scopeKind": "class"}, {"_type": "tag", "name": "btn btnSmall ${tab === \"orders\" ? \"btnPrimary\" : \"\"}", "path": "/home/kavia/workspace/code-generation/accessory-delivery-platform-209640-209651/frontend_web_app/src/pages/AdminPage.js", "pattern": "/^              className={`btn btnSmall ${tab === \"orders\" ? \"btnPrimary\" : \"\"}`}$/", "language": "JavaScript", "kind": "field", "scope": "AdminPage.className", "scopeKind": "class"}, {"_type": "tag", "name": "saving", "path": "/home/kavia/workspace/code-generation/accessory-delivery-platform-209640-209651/frontend_web_app/src/pages/AdminPage.js", "pattern": "/^              disabled={saving}$/", "language": "JavaScript", "kind": "field", "scope": "AdminPage.disabled", "scopeKind": "class"}], "hash": "f50af203e4af85eacf0a6d032d30cf9a", "format-version": 4, "code-base-name": "frontend_web_app", "filename": "frontend_web_app/src/pages/AdminPage.js", "fields": [{"name": "className={`btn btnSmall ${tab === \"inventory\" ? \"btnPrimary\" : \"\"}`}", "scope": "AdminPage.className", "scopeKind": "class", "description": "unavailable"}, {"name": "className={`btn btnSmall ${tab === \"orders\" ? \"btnPrimary\" : \"\"}`}", "scope": "AdminPage.className", "scopeKind": "class", "description": "unavailable"}, {"name": "disabled={saving}", "scope": "AdminPage.disabled", "scopeKind": "class", "description": "unavailable"}], "revision_history": [{"63": "473b168ce2572dddb62d03137765c4c3ce245b68"}]}