{"is_source_file": true, "file_id": 16, "git_revision": "", "state": 1, "description": "", "external_files": [], "external_methods": [], "published": [], "classes": [], "methods": [], "calls": [], "search-terms": [], "ctags": [{"_type": "tag", "name": "CartContext", "path": "/home/kavia/workspace/code-generation/accessory-delivery-platform-209640-209651/frontend_web_app/src/state/CartContext.js", "pattern": "/^const CartContext = createContext(null);$/", "language": "JavaScript", "kind": "constant"}, {"_type": "tag", "name": "CartProvider", "path": "/home/kavia/workspace/code-generation/accessory-delivery-platform-209640-209651/frontend_web_app/src/state/CartContext.js", "pattern": "/^export function CartProvider({ children }) {$/", "language": "JavaScript", "kind": "function", "signature": "({ children })"}, {"_type": "tag", "name": "LS_KEY", "path": "/home/kavia/workspace/code-generation/accessory-delivery-platform-209640-209651/frontend_web_app/src/state/CartContext.js", "pattern": "/^const LS_KEY = \"retro_accessory_cart_v1\";$/", "language": "JavaScript", "kind": "constant"}, {"_type": "tag", "name": "useCart", "path": "/home/kavia/workspace/code-generation/accessory-delivery-platform-209640-209651/frontend_web_app/src/state/CartContext.js", "pattern": "/^export function useCart() {$/", "language": "JavaScript", "kind": "function", "signature": "()"}, {"_type": "tag", "name": "value", "path": "/home/kavia/workspace/code-generation/accessory-delivery-platform-209640-209651/frontend_web_app/src/state/CartContext.js", "pattern": "/^  return <CartContext.Provider value={value}>{children}<\\/CartContext.Provider>;$/", "language": "JavaScript", "kind": "field", "scope": "Provider", "scopeKind": "class"}], "format": "JavaScript", "hash": "f699260ed33fd1c9ef0c8a6d13a1ec70", "format-version": 4, "code-base-name": "frontend_web_app", "filename": "frontend_web_app/src/state/CartContext.js", "knowledge_revision": 31}