{"is_source_file": false, "format": "", "description": "", "external_files": [], "external_methods": [], "published": [], "classes": [], "methods": [], "calls": [], "search-terms": [], "state": 2, "file_id": 7, "knowledge_revision": 27, "git_revision": "e853a294dcaee37030ee3b710bf6aef9d2d5d970", "hash": "20d6fac0b8e9bcc2ec9e3d6e0b68fb43", "format-version": 4, "code-base-name": "frontend_web_app", "filename": "frontend_web_app/src/index.css", "revision_history": [{"27": "e853a294dcaee37030ee3b710bf6aef9d2d5d970"}]}