{"is_source_file": true, "format": "JavaScript", "description": "React component for the 'Orders' page in a web application that displays user orders, their statuses, and related information.", "external_files": ["../api/endpoints", "../components/ErrorBanner", "../components/Loading", "../state/AuthContext", "../utils/format"], "external_methods": ["listMyOrders"], "published": ["OrdersPage"], "classes": [], "methods": [{"name": "OrdersPage()", "description": "React functional component that renders the orders page with order list and tracking info.", "scope": "", "scopeKind": ""}], "calls": ["useEffect", "useMemo", "useState", "useLocation", "useNavigate", "listMyOrders", "setLoading", "setError", "setOrders", "navigate", "formatMoney"], "search-terms": ["React Orders Page", "useAuth Context", "orders list", "orders tracking", "Order status", "OrdersPage component", "order id display", "order createdAt", "order etaMinutes", "order total", "order items"], "state": 2, "file_id": 26, "knowledge_revision": 61, "git_revision": "473b168ce2572dddb62d03137765c4c3ce245b68", "ctags": [{"_type": "tag", "name": "OrdersPage", "path": "/home/kavia/workspace/code-generation/accessory-delivery-platform-209640-209651/frontend_web_app/src/pages/OrdersPage.js", "pattern": "/^export function OrdersPage() {$/", "language": "JavaScript", "kind": "function", "signature": "()"}], "hash": "f371eb3489052293c5b4fc521db7b65c", "format-version": 4, "code-base-name": "frontend_web_app", "filename": "frontend_web_app/src/pages/OrdersPage.js", "revision_history": [{"61": "473b168ce2572dddb62d03137765c4c3ce245b68"}]}