{"is_source_file": false, "format": "", "description": "", "external_files": [], "external_methods": [], "published": [], "classes": [], "methods": [], "calls": [], "search-terms": [], "state": 2, "file_id": 3, "knowledge_revision": 50, "git_revision": "473b168ce2572dddb62d03137765c4c3ce245b68", "hash": "ff8a8c816abae129c5b63ef7ea8e5c0a", "format-version": 4, "code-base-name": "frontend_web_app", "filename": "frontend_web_app/package.json", "revision_history": [{"50": "473b168ce2572dddb62d03137765c4c3ce245b68"}]}