{"is_source_file": true, "format": "JavaScript", "description": "This file provides a simple fetch wrapper for API requests, including features like base URL specification, JSON parsing, error handling, and optional bearer token support. It also includes a utility to retrieve the base URL.", "external_files": ["fetch (built-in browser API)"], "external_methods": ["fetch"], "published": ["apiRequest", "getApiBaseUrl"], "classes": [], "methods": [{"name": "apiRequest(path, { method = \"GET\", body, token, headers } = {})", "description": "Performs an HTTP request to the backend API with configurable method, body, token, and headers; parses JSON responses and throws detailed errors on failure.", "scope": "", "scopeKind": ""}, {"name": "getApiBaseUrl()", "description": "Returns the base URL for the API used by the frontend.", "scope": "", "scopeKind": ""}], "calls": ["fetch"], "search-terms": ["fetch wrapper", "API request", "JSON parsing", "error handling", "bearer token", "API_BASE_URL"], "state": 2, "file_id": 13, "knowledge_revision": 41, "git_revision": "473b168ce2572dddb62d03137765c4c3ce245b68", "ctags": [{"_type": "tag", "name": "API_BASE_URL", "path": "/home/kavia/workspace/code-generation/accessory-delivery-platform-209640-209651/frontend_web_app/src/api/client.js", "pattern": "/^const API_BASE_URL = \"http:\\/\\/localhost:3001\";$/", "language": "JavaScript", "kind": "constant"}, {"_type": "tag", "name": "Accept", "path": "/home/kavia/workspace/code-generation/accessory-delivery-platform-209640-209651/frontend_web_app/src/api/client.js", "pattern": "/^    Accept: \"application\\/json\",$/", "language": "JavaScript", "kind": "property", "scope": "apiRequest.finalHeaders", "scopeKind": "class"}, {"_type": "tag", "name": "apiRequest", "path": "/home/kavia/workspace/code-generation/accessory-delivery-platform-209640-209651/frontend_web_app/src/api/client.js", "pattern": "/^export async function apiRequest(path, { method = \"GET\", body, token, headers } = {}) {$/", "language": "JavaScript", "kind": "function", "signature": "(path, { method = \"GET\", body, token, headers } = {})"}, {"_type": "tag", "name": "finalHeaders", "path": "/home/kavia/workspace/code-generation/accessory-delivery-platform-209640-209651/frontend_web_app/src/api/client.js", "pattern": "/^  const finalHeaders = {$/", "language": "JavaScript", "kind": "class", "scope": "apiRequest", "scopeKind": "class"}, {"_type": "tag", "name": "getApiBaseUrl", "path": "/home/kavia/workspace/code-generation/accessory-delivery-platform-209640-209651/frontend_web_app/src/api/client.js", "pattern": "/^export function getApiBaseUrl() {$/", "language": "JavaScript", "kind": "function", "signature": "()"}], "hash": "19ff7ec916037e8ae2bb369a6cf65673", "format-version": 4, "code-base-name": "frontend_web_app", "filename": "frontend_web_app/src/api/client.js", "fields": [{"name": "Accept: \"application\\/json\",", "scope": "apiRequest.finalHeaders", "scopeKind": "class", "description": "unavailable"}], "revision_history": [{"41": "473b168ce2572dddb62d03137765c4c3ce245b68"}]}