{"is_source_file": true, "format": "JavaScript (React JSX)", "description": "This file defines a React functional component 'Header' that renders the application's top navigation bar with links, user info, and cart details.", "external_files": ["../state/CartContext", "../state/AuthContext", "../api/client"], "external_methods": ["useCart", "useAuth", "getApiBaseUrl", "useNavigate", "NavLink"], "published": ["Header"], "classes": [], "methods": [{"name": "Header()", "description": "React functional component that renders the application header with navigation links, cart indicator, and authentication actions.", "scope": "", "scopeKind": ""}], "calls": ["useCart()", "useAuth()", "useNavigate()", "getApiBaseUrl()", "NavLink", "navigate('/')", "logout()"], "search-terms": ["Header component React", "navigation bar React", "React router-dom NavLink", "useCart context", "useAuth context", "API base URL"], "state": 2, "file_id": 20, "knowledge_revision": 55, "git_revision": "473b168ce2572dddb62d03137765c4c3ce245b68", "ctags": [{"_type": "tag", "name": "Header", "path": "/home/kavia/workspace/code-generation/accessory-delivery-platform-209640-209651/frontend_web_app/src/components/Header.js", "pattern": "/^export function Header() {$/", "language": "JavaScript", "kind": "function", "signature": "()"}], "hash": "acd955348fad9aa011790974b1407a74", "format-version": 4, "code-base-name": "frontend_web_app", "filename": "frontend_web_app/src/components/Header.js", "revision_history": [{"55": "473b168ce2572dddb62d03137765c4c3ce245b68"}]}