{"is_source_file": true, "file_id": 14, "git_revision": "", "state": 1, "description": "", "external_files": [], "external_methods": [], "published": [], "classes": [], "methods": [], "calls": [], "search-terms": [], "ctags": [{"_type": "tag", "name": "adminListInventory", "path": "/home/kavia/workspace/code-generation/accessory-delivery-platform-209640-209651/frontend_web_app/src/api/endpoints.js", "pattern": "/^export async function adminListInventory({ token }) {$/", "language": "JavaScript", "kind": "function", "signature": "({ token })"}, {"_type": "tag", "name": "adminListOrders", "path": "/home/kavia/workspace/code-generation/accessory-delivery-platform-209640-209651/frontend_web_app/src/api/endpoints.js", "pattern": "/^export async function adminListOrders({ token }) {$/", "language": "JavaScript", "kind": "function", "signature": "({ token })"}, {"_type": "tag", "name": "adminUpdateInventory", "path": "/home/kavia/workspace/code-generation/accessory-delivery-platform-209640-209651/frontend_web_app/src/api/endpoints.js", "pattern": "/^export async function adminUpdateInventory({ token, id, patch }) {$/", "language": "JavaScript", "kind": "function", "signature": "({ token, id, patch })"}, {"_type": "tag", "name": "adminUpdateOrderStatus", "path": "/home/kavia/workspace/code-generation/accessory-delivery-platform-209640-209651/frontend_web_app/src/api/endpoints.js", "pattern": "/^export async function adminUpdateOrderStatus({ token, id, status }) {$/", "language": "JavaScript", "kind": "function", "signature": "({ token, id, status })"}, {"_type": "tag", "name": "demoAccessories", "path": "/home/kavia/workspace/code-generation/accessory-delivery-platform-209640-209651/frontend_web_app/src/api/endpoints.js", "pattern": "/^function demoAccessories() {$/", "language": "JavaScript", "kind": "function", "signature": "()"}, {"_type": "tag", "name": "getAccessoryById", "path": "/home/kavia/workspace/code-generation/accessory-delivery-platform-209640-209651/frontend_web_app/src/api/endpoints.js", "pattern": "/^export async function getAccessoryById(id) {$/", "language": "JavaScript", "kind": "function", "signature": "(id)"}, {"_type": "tag", "name": "getMyProfile", "path": "/home/kavia/workspace/code-generation/accessory-delivery-platform-209640-209651/frontend_web_app/src/api/endpoints.js", "pattern": "/^export async function getMyProfile({ token }) {$/", "language": "JavaScript", "kind": "function", "signature": "({ token })"}, {"_type": "tag", "name": "healthCheck", "path": "/home/kavia/workspace/code-generation/accessory-delivery-platform-209640-209651/frontend_web_app/src/api/endpoints.js", "pattern": "/^export async function healthCheck() {$/", "language": "JavaScript", "kind": "function", "signature": "()"}, {"_type": "tag", "name": "listAccessories", "path": "/home/kavia/workspace/code-generation/accessory-delivery-platform-209640-209651/frontend_web_app/src/api/endpoints.js", "pattern": "/^export async function listAccessories({ q } = {}) {$/", "language": "JavaScript", "kind": "function", "signature": "({ q } = {})"}, {"_type": "tag", "name": "listMyOrders", "path": "/home/kavia/workspace/code-generation/accessory-delivery-platform-209640-209651/frontend_web_app/src/api/endpoints.js", "pattern": "/^export async function listMyOrders({ token }) {$/", "language": "JavaScript", "kind": "function", "signature": "({ token })"}, {"_type": "tag", "name": "loginUser", "path": "/home/kavia/workspace/code-generation/accessory-delivery-platform-209640-209651/frontend_web_app/src/api/endpoints.js", "pattern": "/^export async function loginUser({ email, password }) {$/", "language": "JavaScript", "kind": "function", "signature": "({ email, password })"}, {"_type": "tag", "name": "placeOrder", "path": "/home/kavia/workspace/code-generation/accessory-delivery-platform-209640-209651/frontend_web_app/src/api/endpoints.js", "pattern": "/^export async function placeOrder({ token, order }) {$/", "language": "JavaScript", "kind": "function", "signature": "({ token, order })"}, {"_type": "tag", "name": "registerUser", "path": "/home/kavia/workspace/code-generation/accessory-delivery-platform-209640-209651/frontend_web_app/src/api/endpoints.js", "pattern": "/^export async function registerUser({ email, password }) {$/", "language": "JavaScript", "kind": "function", "signature": "({ email, password })"}, {"_type": "tag", "name": "sleep", "path": "/home/kavia/workspace/code-generation/accessory-delivery-platform-209640-209651/frontend_web_app/src/api/endpoints.js", "pattern": "/^function sleep(ms) {$/", "language": "JavaScript", "kind": "function", "signature": "(ms)"}, {"_type": "tag", "name": "updateMyProfile", "path": "/home/kavia/workspace/code-generation/accessory-delivery-platform-209640-209651/frontend_web_app/src/api/endpoints.js", "pattern": "/^export async function updateMyProfile({ token, profile }) {$/", "language": "JavaScript", "kind": "function", "signature": "({ token, profile })"}], "format": "JavaScript", "hash": "1000187013664562c49e394296dc2ddf", "format-version": 4, "code-base-name": "frontend_web_app", "filename": "frontend_web_app/src/api/endpoints.js", "knowledge_revision": 29}