{"is_source_file": true, "format": "JavaScript (React JSX)", "description": "React component for user profile page allowing viewing and editing profile information, including fetching and updating profile data via API endpoints, managing UI state for loading and errors, and rendering user interface elements.", "external_files": ["../api/endpoints", "../components/ErrorBanner", "../components/Loading", "../state/AuthContext"], "external_methods": ["getMyProfile", "updateMyProfile", "useAuth"], "published": ["ProfilePage"], "classes": [], "methods": [{"name": "save", "description": "Handles form submission to update the user's profile by calling updateMyProfile API and managing saving/error state."}, {"name": "ProfilePage()", "scope": "", "scopeKind": "", "description": "unavailable"}], "calls": ["getMyProfile", "updateMyProfile", "setProfile", "setError", "setLoading", "setSaving"], "search-terms": ["ProfilePage", "useAuth", "getMyProfile", "updateMyProfile", "ErrorBanner", "Loading", "React", "useEffect", "useState"], "state": 2, "file_id": 27, "knowledge_revision": 62, "git_revision": "473b168ce2572dddb62d03137765c4c3ce245b68", "ctags": [{"_type": "tag", "name": "ProfilePage", "path": "/home/kavia/workspace/code-generation/accessory-delivery-platform-209640-209651/frontend_web_app/src/pages/ProfilePage.js", "pattern": "/^export function ProfilePage() {$/", "language": "JavaScript", "kind": "function", "signature": "()"}], "hash": "956ce4117d93a09920cd016dfe5c4cd0", "format-version": 4, "code-base-name": "frontend_web_app", "filename": "frontend_web_app/src/pages/ProfilePage.js", "revision_history": [{"62": "473b168ce2572dddb62d03137765c4c3ce245b68"}]}