{"is_source_file": true, "format": "JavaScript", "description": "This file defines the 'CheckoutPage' React component, which manages the checkout process including collecting delivery details, displaying order summary, and handling order placement via API.", "external_files": ["../api/endpoints", "../components/ErrorBanner", "../state/AuthContext", "../state/CartContext", "../utils/format"], "external_methods": ["placeOrder", "ErrorBanner", "useAuth", "useCart", "formatMoney"], "published": ["CheckoutPage"], "classes": [], "methods": [{"name": "submit", "description": "Handles the form submission to place an order, manages loading and error states, and navigates to the order confirmation page upon success."}, {"name": "CheckoutPage()", "scope": "", "scopeKind": "", "description": "unavailable"}], "calls": ["placeOrder", "setError", "clear", "navigate", "encodeURIComponent", "setLoading", "setError", "formatMoney"], "search-terms": ["CheckoutPage", "placeOrder", "order placement", "React component", "delivery details", "order summary", "useAuth", "useCart", "ErrorBanner"], "state": 2, "file_id": 25, "knowledge_revision": 60, "git_revision": "473b168ce2572dddb62d03137765c4c3ce245b68", "ctags": [{"_type": "tag", "name": "3", "path": "/home/kavia/workspace/code-generation/accessory-delivery-platform-209640-209651/frontend_web_app/src/pages/CheckoutPage.js", "pattern": "/^                  rows={3}$/", "language": "JavaScript", "kind": "field", "scope": "CheckoutPage.rows", "scopeKind": "class"}, {"_type": "tag", "name": "CheckoutPage", "path": "/home/kavia/workspace/code-generation/accessory-delivery-platform-209640-209651/frontend_web_app/src/pages/CheckoutPage.js", "pattern": "/^export function CheckoutPage() {$/", "language": "JavaScript", "kind": "function", "signature": "()"}, {"_type": "tag", "name": "address", "path": "/home/kavia/workspace/code-generation/accessory-delivery-platform-209640-209651/frontend_web_app/src/pages/CheckoutPage.js", "pattern": "/^                  value={address}$/", "language": "JavaScript", "kind": "field", "scope": "CheckoutPage.value", "scopeKind": "class"}, {"_type": "tag", "name": "notes", "path": "/home/kavia/workspace/code-generation/accessory-delivery-platform-209640-209651/frontend_web_app/src/pages/CheckoutPage.js", "pattern": "/^                  value={notes}$/", "language": "JavaScript", "kind": "field", "scope": "CheckoutPage.value", "scopeKind": "class"}], "hash": "6b280914c03a9d4ff203da9648ade8a4", "format-version": 4, "code-base-name": "frontend_web_app", "filename": "frontend_web_app/src/pages/CheckoutPage.js", "fields": [{"name": "rows={3}", "scope": "CheckoutPage.rows", "scopeKind": "class", "description": "unavailable"}, {"name": "value={address}", "scope": "CheckoutPage.value", "scopeKind": "class", "description": "unavailable"}, {"name": "value={notes}", "scope": "CheckoutPage.value", "scopeKind": "class", "description": "unavailable"}], "revision_history": [{"60": "473b168ce2572dddb62d03137765c4c3ce245b68"}]}