{"is_source_file": true, "format": "JavaScript", "description": "This file defines a React functional component named 'Loading' used to display a loading indicator with a label.", "external_files": ["react"], "external_methods": [], "published": ["Loading"], "classes": [], "methods": [{"name": "Loading({ label = \"Loading\u2026\" })", "description": "React functional component that renders a retro-style loading placeholder with an optional label.", "scope": "", "scopeKind": ""}], "calls": [], "search-terms": ["Loading", "React component", "loading indicator", "Loading.js", "Loading"], "state": 2, "file_id": 18, "knowledge_revision": 53, "git_revision": "473b168ce2572dddb62d03137765c4c3ce245b68", "ctags": [{"_type": "tag", "name": "Loading", "path": "/home/kavia/workspace/code-generation/accessory-delivery-platform-209640-209651/frontend_web_app/src/components/Loading.js", "pattern": "/^export function Loading({ label = \"Loading\u2026\" }) {$/", "language": "JavaScript", "kind": "function", "signature": "({ label = \"Loading\u2026\" })"}], "hash": "7b78d0840d435be73029c00105e12eeb", "format-version": 4, "code-base-name": "frontend_web_app", "filename": "frontend_web_app/src/components/Loading.js", "revision_history": [{"53": "473b168ce2572dddb62d03137765c4c3ce245b68"}]}