{"is_source_file": true, "format": "JavaScript (React JSX)", "description": "This file defines a React component 'ProductDetailPage' that provides a detailed view of a product, including its details, and allows adding it to a shopping cart. It manages state, fetches data from an API, and renders UI components like links, error banners, loading indicators, and product information.", "external_files": ["../api/endpoints", "../components/ErrorBanner", "../components/Loading", "../state/CartContext", "../utils/format", "react", "react-router-dom"], "external_methods": ["getAccessoryById", "useParams", "useCart", "formatMoney"], "published": [], "classes": [], "methods": [{"name": "ProductDetailPage()", "description": "Main React functional component rendering the product detail page with data fetching and UI logic.", "scope": "", "scopeKind": ""}], "calls": ["useParams()", "useCart()", "getAccessoryById(id)", "setLoading(true)", "setError(null)", "then((data) => { setP(data); })", "catch((e) => { setError(e.message || 'Failed to load item.'); })", "finally(() => { setLoading(false); })", "setError(null)", "formatMoney(p.price)"], "search-terms": ["ProductDetailPage", "useEffect API call", "addItem to cart", "ErrorBanner", "Loading indicator"], "state": 2, "file_id": 23, "knowledge_revision": 58, "git_revision": "473b168ce2572dddb62d03137765c4c3ce245b68", "ctags": [{"_type": "tag", "name": "ProductDetailPage", "path": "/home/kavia/workspace/code-generation/accessory-delivery-platform-209640-209651/frontend_web_app/src/pages/ProductDetailPage.js", "pattern": "/^export function ProductDetailPage() {$/", "language": "JavaScript", "kind": "function", "signature": "()"}], "hash": "02043c7492d42d7bc590e4924077a5df", "format-version": 4, "code-base-name": "frontend_web_app", "filename": "frontend_web_app/src/pages/ProductDetailPage.js", "revision_history": [{"58": "473b168ce2572dddb62d03137765c4c3ce245b68"}]}