{"is_source_file": true, "file_id": 17, "git_revision": "", "state": 1, "description": "", "external_files": [], "external_methods": [], "published": [], "classes": [], "methods": [], "calls": [], "search-terms": [], "ctags": [{"_type": "tag", "name": "formatMoney", "path": "/home/kavia/workspace/code-generation/accessory-delivery-platform-209640-209651/frontend_web_app/src/utils/format.js", "pattern": "/^export function formatMoney(value) {$/", "language": "JavaScript", "kind": "function", "signature": "(value)"}], "format": "JavaScript", "hash": "275863552b31e5f80f4fef67d2858dc4", "format-version": 4, "code-base-name": "frontend_web_app", "filename": "frontend_web_app/src/utils/format.js", "knowledge_revision": 32}