{"is_source_file": true, "file_id": 13, "git_revision": "", "state": 1, "description": "", "external_files": [], "external_methods": [], "published": [], "classes": [], "methods": [], "calls": [], "search-terms": [], "ctags": [{"_type": "tag", "name": "API_BASE_URL", "path": "/home/kavia/workspace/code-generation/accessory-delivery-platform-209640-209651/frontend_web_app/src/api/client.js", "pattern": "/^const API_BASE_URL = \"http:\\/\\/localhost:3001\";$/", "language": "JavaScript", "kind": "constant"}, {"_type": "tag", "name": "Accept", "path": "/home/kavia/workspace/code-generation/accessory-delivery-platform-209640-209651/frontend_web_app/src/api/client.js", "pattern": "/^    Accept: \"application\\/json\",$/", "language": "JavaScript", "kind": "property", "scope": "apiRequest.finalHeaders", "scopeKind": "class"}, {"_type": "tag", "name": "apiRequest", "path": "/home/kavia/workspace/code-generation/accessory-delivery-platform-209640-209651/frontend_web_app/src/api/client.js", "pattern": "/^export async function apiRequest(path, { method = \"GET\", body, token, headers } = {}) {$/", "language": "JavaScript", "kind": "function", "signature": "(path, { method = \"GET\", body, token, headers } = {})"}, {"_type": "tag", "name": "finalHeaders", "path": "/home/kavia/workspace/code-generation/accessory-delivery-platform-209640-209651/frontend_web_app/src/api/client.js", "pattern": "/^  const finalHeaders = {$/", "language": "JavaScript", "kind": "class", "scope": "apiRequest", "scopeKind": "class"}, {"_type": "tag", "name": "getApiBaseUrl", "path": "/home/kavia/workspace/code-generation/accessory-delivery-platform-209640-209651/frontend_web_app/src/api/client.js", "pattern": "/^export function getApiBaseUrl() {$/", "language": "JavaScript", "kind": "function", "signature": "()"}], "format": "JavaScript", "hash": "19ff7ec916037e8ae2bb369a6cf65673", "format-version": 4, "code-base-name": "frontend_web_app", "filename": "frontend_web_app/src/api/client.js", "knowledge_revision": 28}